"size","varieties","seed","urea","phosphate","totlabor","goutput","region"
3.572,"high",105,400,400,3519,17424,"wargabinangun"
0.428,"high",15,100,50,180,2280,"wargabinangun"
0.086,"high",5,40,10,54,420,"wargabinangun"
0.357,"high",10,100,90,92,1880,"wargabinangun"
0.357,"high",12,150,100,120,2400,"wargabinangun"
0.052,"high",4,30,1,46,200,"wargabinangun"
0.129,"high",7,100,25,203,1200,"wargabinangun"
0.082,"high",10,5,1,76,280,"wargabinangun"
0.281,"high",10,100,50,148,1925,"wargabinangun"
0.129,"high",5,50,25,86,600,"wargabinangun"
0.157,"high",5,50,25,109,800,"wargabinangun"
0.357,"high",10,150,50,215,1600,"wargabinangun"
0.643,"high",16,150,50,375,2800,"wargabinangun"
1.428,"high",60,350,150,762,4600,"wargabinangun"
0.029,"high",5,10,15,80,200,"wargabinangun"
0.571,"high",30,150,50,222,2400,"wargabinangun"
0.535,"high",15,150,50,450,2300,"wargabinangun"
0.357,"high",14,100,50,185,720,"wargabinangun"
0.714,"high",25,200,100,495,4200,"wargabinangun"
0.714,"high",50,100,100,242,2400,"langan"
0.5,"high",30,50,50,312,1880,"langan"
0.357,"high",30,200,25,196,1400,"langan"
0.357,"high",15,50,1,190,1300,"langan"
0.357,"high",15,20,5,182,1250,"langan"
1.786,"high",63,250,1,1096,6000,"langan"
1.714,"high",65,375,125,764,5760,"langan"
1,"high",30,150,50,530,3800,"langan"
0.143,"high",10,25,25,153,480,"langan"
3,"high",90,600,100,2250,9000,"langan"
0.2,"high",16,25,1,197,480,"langan"
1.571,"high",40,350,150,600,6600,"langan"
0.143,"high",5,25,25,102,360,"langan"
0.572,"high",20,110,40,396,1800,"langan"
0.071,"high",5,25,10,63,300,"langan"
0.964,"high",28,200,200,401,3240,"langan"
0.286,"high",12,70,45,151,960,"langan"
0.429,"high",40,150,50,232,1680,"langan"
0.214,"high",4,25,5,80,360,"langan"
0.286,"high",10,100,50,152,840,"langan"
0.714,"high",40,100,100,516,2400,"langan"
0.057,"high",5,50,50,125,360,"langan"
1.429,"high",20,150,50,870,4400,"langan"
0.357,"high",6,25,3,224,960,"langan"
0.429,"trad",19,150,50,581,1900,"gunungwangi"
0.014,"trad",1,5,5,17,42,"gunungwangi"
0.179,"trad",5,40,1,126,493,"gunungwangi"
1.663,"trad",44,670,276,1479,4666,"gunungwangi"
0.42,"mixed",18,100,50,695,1619,"gunungwangi"
0.193,"trad",10,70,35,280,559,"gunungwangi"
0.604,"trad",25,155,30,433,1978,"gunungwangi"
0.03,"trad",1,8,2,40,115,"gunungwangi"
0.51,"trad",15,100,50,381,2528,"gunungwangi"
0.557,"trad",18,115,15,547,1092,"gunungwangi"
0.043,"trad",2,12,3,122,141,"gunungwangi"
0.049,"trad",2,5,2,136,138,"gunungwangi"
0.636,"trad",28,205,35,718,2218,"gunungwangi"
0.08,"trad",3,20,5,165,192,"gunungwangi"
0.07,"trad",3,35,15,158,282,"gunungwangi"
0.428,"trad",12,115,30,360,1373,"gunungwangi"
0.107,"trad",5,40,10,148,317,"gunungwangi"
0.221,"trad",5,56,19,111,416,"gunungwangi"
0.7,"mixed",24,200,150,993,2534,"gunungwangi"
1.071,"trad",35,300,100,685,3872,"gunungwangi"
0.424,"trad",18,130,20,356,1364,"gunungwangi"
0.129,"trad",5,20,10,144,256,"gunungwangi"
0.35,"trad",16,100,50,265,1267,"gunungwangi"
0.818,"trad",23,107,31,1130,2542,"gunungwangi"
0.175,"trad",6,40,20,322,990,"gunungwangi"
0.07,"trad",3,15,5,60,175,"gunungwangi"
0.358,"trad",14,80,20,353,1250,"gunungwangi"
0.358,"trad",10,100,24,377,1227,"gunungwangi"
0.724,"trad",27,150,10,659,2391,"gunungwangi"
0.179,"trad",4,20,20,115,634,"gunungwangi"
0.536,"trad",15,160,50,442,2070,"gunungwangi"
0.339,"trad",15,150,40,420,1492,"gunungwangi"
0.714,"trad",20,250,50,461,2464,"gunungwangi"
1.036,"trad",30,360,240,610,4400,"gunungwangi"
0.923,"trad",25,265,55,770,2922,"gunungwangi"
0.566,"trad",17,110,33,562,2154,"gunungwangi"
0.357,"trad",14,125,25,356,1146,"gunungwangi"
0.221,"trad",8,50,50,366,900,"malausma"
0.286,"trad",8,50,20,305,700,"malausma"
0.036,"trad",2,8,7,68,200,"malausma"
0.314,"trad",22,120,60,515,1638,"malausma"
0.036,"trad",2,10,5,40,98,"malausma"
0.214,"trad",7,60,60,158,350,"malausma"
0.143,"trad",5,25,10,141,550,"malausma"
0.25,"high",8,100,30,257,1300,"malausma"
0.557,"high",15,130,40,561,2395,"malausma"
0.057,"trad",3,20,5,94,200,"malausma"
0.093,"trad",4,35,10,74,238,"malausma"
0.071,"high",2,15,5,75,200,"malausma"
0.143,"trad",6,30,10,193,533,"malausma"
0.114,"high",2,30,20,184,600,"malausma"
0.114,"trad",4,25,25,248,500,"malausma"
0.164,"high",10,70,30,226,780,"malausma"
0.193,"trad",8,50,25,247,840,"malausma"
0.429,"high",15,60,20,414,1100,"malausma"
0.071,"high",3,20,5,152,300,"malausma"
0.214,"trad",12,30,30,360,780,"malausma"
0.106,"high",3,20,15,211,330,"malausma"
0.121,"mixed",4,30,15,201,400,"malausma"
0.036,"high",2,6,5,62,100,"malausma"
0.079,"trad",3,25,10,122,300,"malausma"
0.193,"trad",5,40,20,169,550,"malausma"
0.071,"trad",3,20,5,89,240,"malausma"
0.071,"high",3,27,13,151,250,"malausma"
0.129,"high",5,25,15,160,320,"malausma"
0.15,"trad",5,30,20,183,350,"malausma"
0.074,"high",5,40,10,111,150,"malausma"
0.086,"high",3,15,10,275,364,"malausma"
0.186,"trad",10,75,25,302,784,"malausma"
0.321,"mixed",10,75,30,270,1600,"malausma"
0.606,"high",22,127,80,814,2520,"sukaambit"
1.053,"high",45,235,115,875,3970,"sukaambit"
0.265,"high",8,100,65,217,1492,"sukaambit"
0.092,"high",3,14,14,101,234,"sukaambit"
0.4,"high",13,112,86,439,2456,"sukaambit"
0.21,"mixed",9,65,40,236,1240,"sukaambit"
0.349,"trad",16,85,15,225,1107,"sukaambit"
0.129,"trad",5,41,9,164,594,"sukaambit"
0.186,"high",7,70,42,158,598,"sukaambit"
0.3,"high",12,70,80,490,1560,"sukaambit"
0.192,"trad",9,28,57,180,1106,"sukaambit"
0.272,"trad",12,180,25,307,2347,"sukaambit"
0.215,"high",7,50,28,273,1325,"sukaambit"
0.129,"mixed",7,75,15,166,802,"sukaambit"
0.844,"mixed",37,140,140,936,2992,"sukaambit"
0.213,"high",10,71,41,230,1257,"sukaambit"
0.222,"mixed",10,61,31,233,1350,"sukaambit"
0.358,"high",14,100,150,268,1834,"sukaambit"
0.212,"trad",9,100,40,242,766,"sukaambit"
0.315,"mixed",13,114,67,385,1431,"sukaambit"
0.057,"high",2,15,10,58,220,"sukaambit"
0.435,"high",22,297,123,642,3441,"sukaambit"
0.069,"trad",2,15,5,59,180,"ciwangi"
0.339,"high",7,76,33,408,1210,"ciwangi"
0.55,"mixed",22,106,64,455,1760,"ciwangi"
0.175,"trad",8,50,10,110,300,"ciwangi"
0.143,"trad",14,30,10,216,375,"ciwangi"
0.143,"trad",5,30,10,126,550,"ciwangi"
0.667,"trad",32,300,100,906,2420,"ciwangi"
0.243,"trad",12,39,26,417,830,"ciwangi"
0.429,"trad",20,75,35,398,935,"ciwangi"
0.644,"trad",41,202,68,1019,2575,"ciwangi"
0.574,"trad",41,104,53,565,1375,"ciwangi"
0.215,"trad",16,50,20,363,756,"ciwangi"
0.357,"trad",16,40,20,461,880,"ciwangi"
0.072,"trad",3,15,10,135,195,"ciwangi"
0.343,"trad",14,120,40,350,990,"ciwangi"
0.3,"trad",10,100,50,372,1500,"ciwangi"
0.077,"trad",10,20,5,77,525,"ciwangi"
0.486,"trad",28,115,60,416,2035,"ciwangi"
0.179,"high",9,50,25,279,855,"ciwangi"
0.157,"trad",8,60,20,176,990,"ciwangi"
0.472,"high",30,140,45,605,2750,"ciwangi"
1.093,"high",40,375,125,1300,7150,"ciwangi"
1.945,"high",55,400,200,1878,11589,"ciwangi"
0.486,"trad",33,150,50,469,2120,"ciwangi"
0.858,"trad",25,200,100,1301,4125,"ciwangi"
0.325,"trad",18,60,40,345,1408,"ciwangi"
0.801,"trad",24,500,200,715,2200,"ciwangi"
0.249,"trad",20,100,100,435,3000,"ciwangi"
0.3,"trad",13,80,45,266,1870,"ciwangi"
0.35,"trad",20,75,25,320,1280,"ciwangi"
0.107,"trad",5,40,10,91,275,"ciwangi"
0.336,"high",10,100,100,355,2843,"ciwangi"
0.157,"trad",5,27,13,300,450,"ciwangi"
0.1,"trad",4,35,20,185,430,"ciwangi"
0.243,"trad",5,50,25,239,400,"ciwangi"
0.501,"trad",14,93,45,706,2750,"ciwangi"
